{
  "com.liferay.client.extension.type.configuration.CETConfiguration~fragment-lab" : {
    ":configurator:policy" : "force",
    "baseURL" : "${portalURL}/o/fragment-lab",
    "buildTimestamp" : 1762973831551,
    "description" : "",
    "dxp.lxc.liferay.com.virtualInstanceId" : "default",
    "name" : "Fragment Lab",
    "projectId" : "fragmentlab",
    "projectName" : "fragment-lab",
    "properties" : [ ],
    "sourceCodeURL" : "",
    "type" : "jsImportMapsEntry",
    "typeSettings" : [ "bareSpecifier=fragment-lab", "url=assets/index.js" ],
    "webContextPath" : "/fragment-lab"
  },
  "com.liferay.client.extension.type.configuration.CETConfiguration~fragment-viewer" : {
    ":configurator:policy" : "force",
    "baseURL" : "${portalURL}/o/fragment-lab",
    "buildTimestamp" : 1762973831551,
    "description" : "A viewer for Liferay fragment details.",
    "dxp.lxc.liferay.com.virtualInstanceId" : "default",
    "name" : "Fragment Viewer",
    "projectId" : "fragmentlab",
    "projectName" : "fragment-lab",
    "properties" : [ ],
    "sourceCodeURL" : "",
    "type" : "customElement",
    "typeSettings" : [ "friendlyURLMapping=fragment-viewer", "instanceable=true", "urls=assets/index.js\nprism.js\nprism-liferay-ftl.js", "useESM=true", "htmlElementName=fragment-viewer", "cssURLs=prism.css", "portletCategoryName=category.client-extensions" ],
    "webContextPath" : "/fragment-lab"
  }
}