{
  "com.liferay.client.extension.type.configuration.CETConfiguration~devcon-elements" : {
    ":configurator:policy" : "force",
    "baseURL" : "${portalURL}/o/devcon-elements",
    "buildTimestamp" : 1762926206215,
    "description" : "",
    "dxp.lxc.liferay.com.virtualInstanceId" : "default",
    "name" : "DevCon Elements",
    "projectId" : "devconelements",
    "projectName" : "devcon-elements",
    "properties" : [ ],
    "sourceCodeURL" : "",
    "type" : "jsImportMapsEntry",
    "typeSettings" : [ "bareSpecifier=devcon-elements", "url=assets/index.js" ],
    "webContextPath" : "/devcon-elements"
  },
  "com.liferay.client.extension.type.configuration.CETConfiguration~devcon-lottie-cta" : {
    ":configurator:policy" : "force",
    "baseURL" : "${portalURL}/o/devcon-elements",
    "buildTimestamp" : 1762926206215,
    "description" : "Animated call-to-action button using a Lottie player.",
    "dxp.lxc.liferay.com.virtualInstanceId" : "default",
    "name" : "Devcon Lottie CTA",
    "projectId" : "devconelements",
    "projectName" : "devcon-elements",
    "properties" : [ ],
    "sourceCodeURL" : "",
    "type" : "customElement",
    "typeSettings" : [ "friendlyURLMapping=devcon-lottie-cta", "instanceable=true", "urls=assets/chunk-chunk-HDDX7F4A-Ctccelsq.js\nassets/chunk-dotlottie-audio-75C54RUV-CjaLaHHl.js\nassets/chunk-dotlottie-state-machine-manager-2E7RUGJG-NTQ25VSR-C_dF0bdj.js\nassets/chunk-index-C2mJn9q3.js\nassets/chunk-index-Dl2OgmsG.js\nassets/chunk-lottie_canvas-CDSUBMCL-MZNYH5VV-wF6dOM_Y.js\nassets/chunk-lottie_html-X3TYKVQI-L6774NQS-CYKSXrw3.js\nassets/chunk-lottie_light-KMJEUZFY-TNG7ODX7-DqrZydXP.js\nassets/chunk-lottie_light_canvas-B5UTTNXA-PRI6IBWW-CtnxLMbH.js\nassets/chunk-lottie_light_html-SLCECTRT-SYWXEBDN-C4u9gErk.js\nassets/chunk-lottie_svg-MJGYILXD-NRTSROOT-v0c-VMbX.js\nassets/chunk-lottie_worker-Q23FJ6ZR-YP5OKMTN-C7q-_npN.js\nassets/index.js", "useESM=true", "portletCategoryName=category.client-extensions", "htmlElementName=devcon-lottie-cta" ],
    "webContextPath" : "/devcon-elements"
  },
  "com.liferay.client.extension.type.configuration.CETConfiguration~devcon-particles-hero" : {
    ":configurator:policy" : "force",
    "baseURL" : "${portalURL}/o/devcon-elements",
    "buildTimestamp" : 1762926206214,
    "description" : "Particles hero component.",
    "dxp.lxc.liferay.com.virtualInstanceId" : "default",
    "name" : "Devcon Particles Hero",
    "projectId" : "devconelements",
    "projectName" : "devcon-elements",
    "properties" : [ ],
    "sourceCodeURL" : "",
    "type" : "customElement",
    "typeSettings" : [ "friendlyURLMapping=devcon-particles-hero", "instanceable=true", "urls=assets/chunk-chunk-HDDX7F4A-Ctccelsq.js\nassets/chunk-dotlottie-audio-75C54RUV-CjaLaHHl.js\nassets/chunk-dotlottie-state-machine-manager-2E7RUGJG-NTQ25VSR-C_dF0bdj.js\nassets/chunk-index-C2mJn9q3.js\nassets/chunk-index-Dl2OgmsG.js\nassets/chunk-lottie_canvas-CDSUBMCL-MZNYH5VV-wF6dOM_Y.js\nassets/chunk-lottie_html-X3TYKVQI-L6774NQS-CYKSXrw3.js\nassets/chunk-lottie_light-KMJEUZFY-TNG7ODX7-DqrZydXP.js\nassets/chunk-lottie_light_canvas-B5UTTNXA-PRI6IBWW-CtnxLMbH.js\nassets/chunk-lottie_light_html-SLCECTRT-SYWXEBDN-C4u9gErk.js\nassets/chunk-lottie_svg-MJGYILXD-NRTSROOT-v0c-VMbX.js\nassets/chunk-lottie_worker-Q23FJ6ZR-YP5OKMTN-C7q-_npN.js\nassets/index.js", "useESM=true", "portletCategoryName=category.client-extensions", "htmlElementName=devcon-particles-hero" ],
    "webContextPath" : "/devcon-elements"
  },
  "com.liferay.client.extension.type.configuration.CETConfiguration~devcon-three-d-hero" : {
    ":configurator:policy" : "force",
    "baseURL" : "${portalURL}/o/devcon-elements",
    "buildTimestamp" : 1762926206215,
    "description" : "3D hero section with a 3D model viewer.",
    "dxp.lxc.liferay.com.virtualInstanceId" : "default",
    "name" : "Devcon 3D Hero",
    "projectId" : "devconelements",
    "projectName" : "devcon-elements",
    "properties" : [ ],
    "sourceCodeURL" : "",
    "type" : "customElement",
    "typeSettings" : [ "friendlyURLMapping=devcon-three-d-hero", "instanceable=true", "urls=assets/chunk-chunk-HDDX7F4A-Ctccelsq.js\nassets/chunk-dotlottie-audio-75C54RUV-CjaLaHHl.js\nassets/chunk-dotlottie-state-machine-manager-2E7RUGJG-NTQ25VSR-C_dF0bdj.js\nassets/chunk-index-C2mJn9q3.js\nassets/chunk-index-Dl2OgmsG.js\nassets/chunk-lottie_canvas-CDSUBMCL-MZNYH5VV-wF6dOM_Y.js\nassets/chunk-lottie_html-X3TYKVQI-L6774NQS-CYKSXrw3.js\nassets/chunk-lottie_light-KMJEUZFY-TNG7ODX7-DqrZydXP.js\nassets/chunk-lottie_light_canvas-B5UTTNXA-PRI6IBWW-CtnxLMbH.js\nassets/chunk-lottie_light_html-SLCECTRT-SYWXEBDN-C4u9gErk.js\nassets/chunk-lottie_svg-MJGYILXD-NRTSROOT-v0c-VMbX.js\nassets/chunk-lottie_worker-Q23FJ6ZR-YP5OKMTN-C7q-_npN.js\nassets/index.js", "useESM=true", "portletCategoryName=category.client-extensions", "htmlElementName=devcon-three-d-hero" ],
    "webContextPath" : "/devcon-elements"
  },
  "com.liferay.client.extension.type.configuration.CETConfiguration~devcon-tilt-carousel" : {
    ":configurator:policy" : "force",
    "baseURL" : "${portalURL}/o/devcon-elements",
    "buildTimestamp" : 1762926206215,
    "description" : "Tilt carousel component.",
    "dxp.lxc.liferay.com.virtualInstanceId" : "default",
    "name" : "Devcon Tilt Carousel",
    "projectId" : "devconelements",
    "projectName" : "devcon-elements",
    "properties" : [ ],
    "sourceCodeURL" : "",
    "type" : "customElement",
    "typeSettings" : [ "friendlyURLMapping=devcon-tilt-carousel", "instanceable=true", "urls=assets/chunk-chunk-HDDX7F4A-Ctccelsq.js\nassets/chunk-dotlottie-audio-75C54RUV-CjaLaHHl.js\nassets/chunk-dotlottie-state-machine-manager-2E7RUGJG-NTQ25VSR-C_dF0bdj.js\nassets/chunk-index-C2mJn9q3.js\nassets/chunk-index-Dl2OgmsG.js\nassets/chunk-lottie_canvas-CDSUBMCL-MZNYH5VV-wF6dOM_Y.js\nassets/chunk-lottie_html-X3TYKVQI-L6774NQS-CYKSXrw3.js\nassets/chunk-lottie_light-KMJEUZFY-TNG7ODX7-DqrZydXP.js\nassets/chunk-lottie_light_canvas-B5UTTNXA-PRI6IBWW-CtnxLMbH.js\nassets/chunk-lottie_light_html-SLCECTRT-SYWXEBDN-C4u9gErk.js\nassets/chunk-lottie_svg-MJGYILXD-NRTSROOT-v0c-VMbX.js\nassets/chunk-lottie_worker-Q23FJ6ZR-YP5OKMTN-C7q-_npN.js\nassets/index.js", "useESM=true", "portletCategoryName=category.client-extensions", "htmlElementName=devcon-tilt-carousel" ],
    "webContextPath" : "/devcon-elements"
  }
}