{"v":"5.12.1","fr":60,"ip":0,"op":241,"w":1000,"h":1000,"nm":"04-Generate Idea ","ddd":0,"assets":[],"layers":[{"ddd":0,"ind":2,"ty":4,"nm":"Layer 9","parent":3,"sr":1,"ks":{"o":{"a":0,"k":100,"ix":11},"r":{"a":0,"k":0,"ix":10},"p":{"a":0,"k":[105.632,-195.053,0],"ix":2,"l":2},"a":{"a":0,"k":[0,0,0],"ix":1,"l":2},"s":{"a":0,"k":[100,100,100],"ix":6,"l":2}},"ao":0,"shapes":[{"ty":"gr","it":[{"ind":0,"ty":"sh","ix":1,"ks":{"a":0,"k":{"i":[[39.53,0],[0,39.53],[-39.53,0],[0,-39.53]],"o":[[-39.53,0],[0,-39.53],[39.53,0],[0,39.53]],"v":[[0,71.565],[-71.565,0],[0,-71.565],[71.565,0]],"c":true},"ix":2},"nm":"Path 1","mn":"ADBE Vector Shape - Group","hd":false},{"ty":"st","c":{"k":[{"s":[0,0,0,1],"t":0,"i":{"x":[1],"y":[1]},"o":{"x":[0],"y":[0]}},{"s":[0,0,0,1],"t":240,"i":{"x":[1],"y":[1]},"o":{"x":[0],"y":[0]}}]},"o":{"a":0,"k":100,"ix":4},"w":{"k":[{"s":[30],"t":0,"i":{"x":[1],"y":[1]},"o":{"x":[0],"y":[0]}},{"s":[30],"t":240,"i":{"x":[1],"y":[1]},"o":{"x":[0],"y":[0]}}]},"lc":2,"lj":2,"bm":0,"nm":"Stroke 1","mn":"ADBE Vector Graphic - Stroke","hd":false},{"ty":"tr","p":{"a":0,"k":[0,0],"ix":2},"a":{"a":0,"k":[0,0],"ix":1},"s":{"a":0,"k":[100,100],"ix":3},"r":{"a":0,"k":0,"ix":6},"o":{"a":0,"k":100,"ix":7},"sk":{"a":0,"k":0,"ix":4},"sa":{"a":0,"k":0,"ix":5},"nm":"Transform"}],"nm":"Group 1","np":2,"cix":2,"bm":0,"ix":1,"mn":"ADBE Vector Group","hd":false}],"ip":0,"op":600,"st":0,"ct":1,"bm":0},{"ddd":0,"ind":3,"ty":4,"nm":"Layer 8","sr":1,"ks":{"o":{"a":0,"k":100,"ix":11},"r":{"a":1,"k":[{"i":{"x":[0.477],"y":[1]},"o":{"x":[0.211],"y":[0]},"t":80,"s":[0]},{"t":190,"s":[360]}],"ix":10},"p":{"a":1,"k":[{"i":{"x":0.667,"y":1},"o":{"x":0.333,"y":0},"t":0,"s":[605.633,304.988,0],"to":[0,3.333,0],"ti":[0,-5.5,0]},{"i":{"x":0.667,"y":1},"o":{"x":0.333,"y":0},"t":20,"s":[605.633,324.988,0],"to":[0,-20,0],"ti":[0,3.333,0]},{"i":{"x":0.667,"y":1},"o":{"x":0.333,"y":0},"t":60,"s":[605.633,184.988,0],"to":[0,-3.333,0],"ti":[0,-20,0]},{"t":90,"s":[605.633,304.988,0]}],"ix":2,"l":2},"a":{"a":0,"k":[105.633,-195.012,0],"ix":1,"l":2},"s":{"a":0,"k":[100,100,100],"ix":6,"l":2}},"ao":0,"shapes":[{"ty":"gr","it":[{"ind":0,"ty":"sh","ix":1,"ks":{"a":0,"k":{"i":[[0,0],[0,0],[0.164,4.777],[0,0],[0,0],[0,0],[0,0],[0,0],[0,0],[0,0],[3.624,3.294],[0,0],[0,0],[0,0],[0,0],[0,0],[0,0],[0,0],[2.388,0],[2.389,-0.165],[0,0],[0,0],[0,0],[0,0],[0,0],[0,0],[0,0],[3.459,-3.953],[0,0],[0,0],[0,0],[0,0],[0,0],[0,0],[0,0],[-0.165,-4.694],[0,0],[0,0],[0,0],[0,0],[0,0],[0,0],[0,0],[-3.541,-3.294],[0,0],[0,0],[0,0],[0,0],[0,0],[0,0],[0,0],[-2.388,0],[-2.388,0.082],[0,0],[0,0],[0,0],[0,0],[0,0],[0,0],[0,0],[-3.459,3.87],[0,0],[0,0],[0,0],[0,0],[0,0]],"o":[[0,0],[0.164,-4.777],[0,0],[0,0],[0,0],[0,0],[0,0],[0,0],[0,0],[-3.047,-3.376],[0,0],[0,0],[0,0],[0,0],[0,0],[0,0],[0,0],[-2.388,-0.165],[-2.306,0],[0,0],[0,0],[0,0],[0,0],[0,0],[0,0],[0,0],[-3.788,3.047],[0,0],[0,0],[0,0],[0,0],[0,0],[0,0],[0,0],[-0.165,4.777],[0,0],[0,0],[0,0],[0,0],[0,0],[0,0],[0,0],[3.047,3.377],[0,0],[0,0],[0,0],[0,0],[0,0],[0,0],[0,0],[2.388,0.082],[2.306,0],[0,0],[0,0],[0,0],[0,0],[0,0],[0,0],[0,0],[3.706,-3.129],[0,0],[0,0],[0,0],[0,0],[0,0],[0,0]],"v":[[253.292,-166.97],[229.492,-188.218],[229.492,-202.547],[253.128,-223.053],[260.292,-229.229],[256.834,-237.959],[243.657,-271.312],[240.116,-280.206],[230.48,-279.63],[198.939,-277.736],[189.056,-287.782],[191.033,-319.159],[191.609,-328.547],[182.88,-332.171],[149.527,-346.089],[140.88,-349.712],[134.539,-342.712],[113.291,-318.83],[106.045,-318.995],[98.962,-318.83],[78.456,-342.548],[72.279,-349.63],[63.55,-346.171],[30.197,-332.995],[21.303,-329.453],[21.879,-319.9],[23.773,-289.018],[12.902,-278.477],[-18.392,-280.371],[-27.78,-280.947],[-31.403,-272.3],[-45.403,-238.947],[-49.027,-230.218],[-41.945,-223.959],[-18.144,-202.712],[-18.144,-188.382],[-41.862,-167.876],[-49.109,-161.535],[-45.403,-152.723],[-31.403,-119.37],[-27.78,-110.723],[-18.392,-111.299],[13.15,-113.194],[22.867,-103.229],[20.314,-71.276],[19.574,-61.723],[28.385,-58.017],[61.738,-44.017],[70.468,-40.393],[76.809,-47.393],[98.056,-71.276],[105.303,-71.111],[112.385,-71.276],[132.891,-47.558],[139.15,-40.311],[148.045,-44.017],[181.398,-58.017],[190.045,-61.64],[189.468,-71.029],[187.574,-101.829],[198.445,-112.37],[229.739,-110.476],[239.127,-109.899],[242.751,-118.629],[256.751,-151.982],[260.375,-160.629]],"c":true},"ix":2},"nm":"Path 1","mn":"ADBE Vector Shape - Group","hd":false},{"ty":"st","c":{"k":[{"s":[0,0,0,1],"t":0,"i":{"x":[1],"y":[1]},"o":{"x":[0],"y":[0]}},{"s":[0,0,0,1],"t":240,"i":{"x":[1],"y":[1]},"o":{"x":[0],"y":[0]}}]},"o":{"a":0,"k":100,"ix":4},"w":{"k":[{"s":[30],"t":0,"i":{"x":[1],"y":[1]},"o":{"x":[0],"y":[0]}},{"s":[30],"t":240,"i":{"x":[1],"y":[1]},"o":{"x":[0],"y":[0]}}]},"lc":2,"lj":2,"bm":0,"nm":"Stroke 1","mn":"ADBE Vector Graphic - Stroke","hd":false},{"ty":"tr","p":{"a":0,"k":[0,0],"ix":2},"a":{"a":0,"k":[0,0],"ix":1},"s":{"a":0,"k":[100,100],"ix":3},"r":{"a":0,"k":0,"ix":6},"o":{"a":0,"k":100,"ix":7},"sk":{"a":0,"k":0,"ix":4},"sa":{"a":0,"k":0,"ix":5},"nm":"Transform"}],"nm":"Group 1","np":2,"cix":2,"bm":0,"ix":1,"mn":"ADBE Vector Group","hd":false},{"ty":"fl","c":{"k":[{"s":[0.945,0.992,0.192,1],"t":0,"i":{"x":[1],"y":[1]},"o":{"x":[0],"y":[0]}},{"s":[0.945,0.992,0.192,1],"t":240,"i":{"x":[1],"y":[1]},"o":{"x":[0],"y":[0]}}]},"o":{"k":[{"s":[100],"t":0,"i":{"x":[1],"y":[1]},"o":{"x":[0],"y":[0]}},{"s":[100],"t":240,"i":{"x":[1],"y":[1]},"o":{"x":[0],"y":[0]}}]},"r":1,"bm":0,"nm":"Fill 1","mn":"ADBE Vector Graphic - Fill","hd":false}],"ip":0,"op":600,"st":0,"ct":1,"bm":0},{"ddd":0,"ind":4,"ty":4,"nm":"Layer 7","parent":7,"sr":1,"ks":{"o":{"a":0,"k":100,"ix":11},"r":{"a":0,"k":0,"ix":10},"p":{"a":0,"k":[-44.539,-122.74,0],"ix":2,"l":2},"a":{"a":0,"k":[0,0,0],"ix":1,"l":2},"s":{"a":0,"k":[100,100,100],"ix":6,"l":2}},"ao":0,"shapes":[{"ty":"gr","it":[{"ind":0,"ty":"sh","ix":1,"ks":{"a":0,"k":{"i":[[0,-25.093],[25.085,0],[0,25.094],[-25.093,0]],"o":[[0,25.094],[-25.093,0],[0,-25.093],[25.085,0]],"v":[[45.43,0],[0.004,45.426],[-45.43,0],[0.004,-45.426]],"c":true},"ix":2},"nm":"Path 1","mn":"ADBE Vector Shape - Group","hd":false},{"ty":"st","c":{"k":[{"s":[0,0,0,1],"t":0,"i":{"x":[1],"y":[1]},"o":{"x":[0],"y":[0]}},{"s":[0,0,0,1],"t":240,"i":{"x":[1],"y":[1]},"o":{"x":[0],"y":[0]}}]},"o":{"a":0,"k":100,"ix":4},"w":{"k":[{"s":[30],"t":0,"i":{"x":[1],"y":[1]},"o":{"x":[0],"y":[0]}},{"s":[30],"t":240,"i":{"x":[1],"y":[1]},"o":{"x":[0],"y":[0]}}]},"lc":2,"lj":2,"bm":0,"nm":"Stroke 1","mn":"ADBE Vector Graphic - Stroke","hd":false},{"ty":"tr","p":{"a":0,"k":[0,0],"ix":2},"a":{"a":0,"k":[0,0],"ix":1},"s":{"a":0,"k":[100,100],"ix":3},"r":{"a":0,"k":0,"ix":6},"o":{"a":0,"k":100,"ix":7},"sk":{"a":0,"k":0,"ix":4},"sa":{"a":0,"k":0,"ix":5},"nm":"Transform"}],"nm":"Group 1","np":2,"cix":2,"bm":0,"ix":1,"mn":"ADBE Vector Group","hd":false},{"ty":"fl","c":{"k":[{"s":[1,1,1,1],"t":0,"i":{"x":[1],"y":[1]},"o":{"x":[0],"y":[0]}},{"s":[1,1,1,1],"t":240,"i":{"x":[1],"y":[1]},"o":{"x":[0],"y":[0]}}]},"o":{"k":[{"s":[100],"t":0,"i":{"x":[1],"y":[1]},"o":{"x":[0],"y":[0]}},{"s":[100],"t":240,"i":{"x":[1],"y":[1]},"o":{"x":[0],"y":[0]}}]},"r":1,"bm":0,"nm":"Fill 1","mn":"ADBE Vector Graphic - Fill","hd":false}],"ip":0,"op":600,"st":0,"ct":1,"bm":0},{"ddd":0,"ind":5,"ty":4,"nm":"Layer 6","parent":6,"sr":1,"ks":{"o":{"a":0,"k":100,"ix":11},"r":{"a":0,"k":0,"ix":10},"p":{"a":0,"k":[-0.002,-92.79,0],"ix":2,"l":2},"a":{"a":0,"k":[0,0,0],"ix":1,"l":2},"s":{"a":0,"k":[100,100,100],"ix":6,"l":2}},"ao":0,"shapes":[{"ty":"gr","it":[{"ind":0,"ty":"sh","ix":1,"ks":{"a":0,"k":{"i":[[0,-25.093],[25.085,0],[0,25.094],[-25.093,0]],"o":[[0,25.094],[-25.093,0],[0,-25.093],[25.085,0]],"v":[[45.43,0],[0.004,45.426],[-45.43,0],[0.004,-45.426]],"c":true},"ix":2},"nm":"Path 1","mn":"ADBE Vector Shape - Group","hd":false},{"ty":"st","c":{"k":[{"s":[0,0,0,1],"t":0,"i":{"x":[1],"y":[1]},"o":{"x":[0],"y":[0]}},{"s":[0,0,0,1],"t":240,"i":{"x":[1],"y":[1]},"o":{"x":[0],"y":[0]}}]},"o":{"a":0,"k":100,"ix":4},"w":{"k":[{"s":[30],"t":0,"i":{"x":[1],"y":[1]},"o":{"x":[0],"y":[0]}},{"s":[30],"t":240,"i":{"x":[1],"y":[1]},"o":{"x":[0],"y":[0]}}]},"lc":2,"lj":2,"bm":0,"nm":"Stroke 1","mn":"ADBE Vector Graphic - Stroke","hd":false},{"ty":"tr","p":{"a":0,"k":[0,0],"ix":2},"a":{"a":0,"k":[0,0],"ix":1},"s":{"a":0,"k":[100,100],"ix":3},"r":{"a":0,"k":0,"ix":6},"o":{"a":0,"k":100,"ix":7},"sk":{"a":0,"k":0,"ix":4},"sa":{"a":0,"k":0,"ix":5},"nm":"Transform"}],"nm":"Group 1","np":2,"cix":2,"bm":0,"ix":1,"mn":"ADBE Vector Group","hd":false},{"ty":"fl","c":{"k":[{"s":[1,1,1,1],"t":0,"i":{"x":[1],"y":[1]},"o":{"x":[0],"y":[0]}},{"s":[1,1,1,1],"t":240,"i":{"x":[1],"y":[1]},"o":{"x":[0],"y":[0]}}]},"o":{"k":[{"s":[100],"t":0,"i":{"x":[1],"y":[1]},"o":{"x":[0],"y":[0]}},{"s":[100],"t":240,"i":{"x":[1],"y":[1]},"o":{"x":[0],"y":[0]}}]},"r":1,"bm":0,"nm":"Fill 1","mn":"ADBE Vector Graphic - Fill","hd":false}],"ip":0,"op":600,"st":0,"ct":1,"bm":0},{"ddd":0,"ind":6,"ty":4,"nm":"Layer 5","parent":10,"sr":1,"ks":{"o":{"a":0,"k":100,"ix":11},"r":{"a":0,"k":0,"ix":10},"p":{"a":1,"k":[{"i":{"x":0.667,"y":1},"o":{"x":0.333,"y":0},"t":70,"s":[46.251,182.958,0],"to":[0,-3.333,0],"ti":[0,3.333,0]},{"i":{"x":0.667,"y":0.667},"o":{"x":0.333,"y":0.333},"t":100,"s":[46.251,162.958,0],"to":[0,0,0],"ti":[0,0,0]},{"i":{"x":0.667,"y":1},"o":{"x":0.333,"y":0},"t":180,"s":[46.251,162.958,0],"to":[0,3.333,0],"ti":[0,-3.333,0]},{"t":210,"s":[46.251,182.958,0]}],"ix":2,"l":2},"a":{"a":0,"k":[0,0,0],"ix":1,"l":2},"s":{"a":0,"k":[100,100,100],"ix":6,"l":2}},"ao":0,"shapes":[{"ty":"gr","it":[{"ind":0,"ty":"sh","ix":1,"ks":{"a":1,"k":[{"i":{"x":0.667,"y":1},"o":{"x":0.333,"y":0},"t":70,"s":[{"i":[[0,0],[0,0]],"o":[[0,0],[0,0]],"v":[[0,47.361],[0,-47.361]],"c":false}]},{"i":{"x":0.667,"y":1},"o":{"x":0.333,"y":0},"t":100,"s":[{"i":[[0,0],[0,0]],"o":[[0,0],[0,0]],"v":[[0,64.485],[0,-47.361]],"c":false}]},{"i":{"x":0.667,"y":1},"o":{"x":0.333,"y":0},"t":180,"s":[{"i":[[0,0],[0,0]],"o":[[0,0],[0,0]],"v":[[0,64.485],[0,-47.361]],"c":false}]},{"t":210,"s":[{"i":[[0,0],[0,0]],"o":[[0,0],[0,0]],"v":[[0,47.361],[0,-47.361]],"c":false}]}],"ix":2},"nm":"Path 1","mn":"ADBE Vector Shape - Group","hd":false},{"ty":"st","c":{"k":[{"s":[0,0,0,1],"t":0,"i":{"x":[1],"y":[1]},"o":{"x":[0],"y":[0]}},{"s":[0,0,0,1],"t":240,"i":{"x":[1],"y":[1]},"o":{"x":[0],"y":[0]}}]},"o":{"a":0,"k":100,"ix":4},"w":{"k":[{"s":[30],"t":0,"i":{"x":[1],"y":[1]},"o":{"x":[0],"y":[0]}},{"s":[30],"t":240,"i":{"x":[1],"y":[1]},"o":{"x":[0],"y":[0]}}]},"lc":2,"lj":2,"bm":0,"nm":"Stroke 1","mn":"ADBE Vector Graphic - Stroke","hd":false},{"ty":"tr","p":{"a":0,"k":[0,0],"ix":2},"a":{"a":0,"k":[0,0],"ix":1},"s":{"a":0,"k":[100,100],"ix":3},"r":{"a":0,"k":0,"ix":6},"o":{"a":0,"k":100,"ix":7},"sk":{"a":0,"k":0,"ix":4},"sa":{"a":0,"k":0,"ix":5},"nm":"Transform"}],"nm":"Group 1","np":2,"cix":2,"bm":0,"ix":1,"mn":"ADBE Vector Group","hd":false}],"ip":0,"op":600,"st":0,"ct":1,"bm":0},{"ddd":0,"ind":7,"ty":4,"nm":"Layer 4","parent":10,"sr":1,"ks":{"o":{"a":0,"k":100,"ix":11},"r":{"a":0,"k":0,"ix":10},"p":{"a":1,"k":[{"i":{"x":0.667,"y":1},"o":{"x":0.333,"y":0},"t":70,"s":[-67.146,145.832,0],"to":[0,-10,0],"ti":[0,10,0]},{"i":{"x":0.667,"y":0.667},"o":{"x":0.333,"y":0.333},"t":100,"s":[-67.146,85.832,0],"to":[0,0,0],"ti":[0,0,0]},{"i":{"x":0.667,"y":1},"o":{"x":0.333,"y":0},"t":180,"s":[-67.146,85.832,0],"to":[0,10,0],"ti":[0,-10,0]},{"t":210,"s":[-67.146,145.832,0]}],"ix":2,"l":2},"a":{"a":0,"k":[0,0,0],"ix":1,"l":2},"s":{"a":0,"k":[100,100,100],"ix":6,"l":2}},"ao":0,"shapes":[{"ty":"gr","it":[{"ind":0,"ty":"sh","ix":1,"ks":{"a":1,"k":[{"i":{"x":0.667,"y":1},"o":{"x":0.333,"y":0},"t":70,"s":[{"i":[[0,0],[0,0],[0,0]],"o":[[0,0],[0,0],[0,0]],"v":[[-20.016,-84.491],[20.016,-29.66],[20.016,84.491]],"c":false}]},{"i":{"x":0.667,"y":1},"o":{"x":0.333,"y":0},"t":100,"s":[{"i":[[0,0],[0,0],[0,0]],"o":[[0,0],[0,0],[0,0]],"v":[[-20.016,-84.491],[20.016,-29.66],[20.016,142.71]],"c":false}]},{"i":{"x":0.667,"y":1},"o":{"x":0.333,"y":0},"t":180,"s":[{"i":[[0,0],[0,0],[0,0]],"o":[[0,0],[0,0],[0,0]],"v":[[-20.016,-84.491],[20.016,-29.66],[20.016,142.71]],"c":false}]},{"t":210,"s":[{"i":[[0,0],[0,0],[0,0]],"o":[[0,0],[0,0],[0,0]],"v":[[-20.016,-84.491],[20.016,-29.66],[20.016,84.491]],"c":false}]}],"ix":2},"nm":"Path 1","mn":"ADBE Vector Shape - Group","hd":false},{"ty":"st","c":{"k":[{"s":[0,0,0,1],"t":0,"i":{"x":[1],"y":[1]},"o":{"x":[0],"y":[0]}},{"s":[0,0,0,1],"t":240,"i":{"x":[1],"y":[1]},"o":{"x":[0],"y":[0]}}]},"o":{"a":0,"k":100,"ix":4},"w":{"k":[{"s":[30],"t":0,"i":{"x":[1],"y":[1]},"o":{"x":[0],"y":[0]}},{"s":[30],"t":240,"i":{"x":[1],"y":[1]},"o":{"x":[0],"y":[0]}}]},"lc":2,"lj":2,"bm":0,"nm":"Stroke 1","mn":"ADBE Vector Graphic - Stroke","hd":false},{"ty":"tr","p":{"a":0,"k":[0,0],"ix":2},"a":{"a":0,"k":[0,0],"ix":1},"s":{"a":0,"k":[100,100],"ix":3},"r":{"a":0,"k":0,"ix":6},"o":{"a":0,"k":100,"ix":7},"sk":{"a":0,"k":0,"ix":4},"sa":{"a":0,"k":0,"ix":5},"nm":"Transform"}],"nm":"Group 1","np":2,"cix":2,"bm":0,"ix":1,"mn":"ADBE Vector Group","hd":false}],"ip":0,"op":600,"st":0,"ct":1,"bm":0},{"ddd":0,"ind":8,"ty":4,"nm":"Layer 3","parent":10,"sr":1,"ks":{"o":{"a":0,"k":100,"ix":11},"r":{"a":0,"k":0,"ix":10},"p":{"a":0,"k":[-0.274,311.6,0],"ix":2,"l":2},"a":{"a":0,"k":[0,0,0],"ix":1,"l":2},"s":{"a":0,"k":[100,100,100],"ix":6,"l":2}},"ao":0,"shapes":[{"ty":"gr","it":[{"ind":0,"ty":"sh","ix":1,"ks":{"a":0,"k":{"i":[[0,0],[0,0]],"o":[[0,0],[0,0]],"v":[[-115.945,0],[115.945,0]],"c":false},"ix":2},"nm":"Path 1","mn":"ADBE Vector Shape - Group","hd":false},{"ty":"st","c":{"k":[{"s":[0,0,0,1],"t":0,"i":{"x":[1],"y":[1]},"o":{"x":[0],"y":[0]}},{"s":[0,0,0,1],"t":240,"i":{"x":[1],"y":[1]},"o":{"x":[0],"y":[0]}}]},"o":{"a":0,"k":100,"ix":4},"w":{"k":[{"s":[30],"t":0,"i":{"x":[1],"y":[1]},"o":{"x":[0],"y":[0]}},{"s":[30],"t":240,"i":{"x":[1],"y":[1]},"o":{"x":[0],"y":[0]}}]},"lc":2,"lj":2,"bm":0,"nm":"Stroke 1","mn":"ADBE Vector Graphic - Stroke","hd":false},{"ty":"tr","p":{"a":0,"k":[0,0],"ix":2},"a":{"a":0,"k":[0,0],"ix":1},"s":{"a":0,"k":[100,100],"ix":3},"r":{"a":0,"k":0,"ix":6},"o":{"a":0,"k":100,"ix":7},"sk":{"a":0,"k":0,"ix":4},"sa":{"a":0,"k":0,"ix":5},"nm":"Transform"}],"nm":"Group 1","np":2,"cix":2,"bm":0,"ix":1,"mn":"ADBE Vector Group","hd":false}],"ip":0,"op":600,"st":0,"ct":1,"bm":0},{"ddd":0,"ind":9,"ty":4,"nm":"Layer 2","parent":10,"sr":1,"ks":{"o":{"a":0,"k":100,"ix":11},"r":{"a":0,"k":0,"ix":10},"p":{"a":0,"k":[0.002,311.599,0],"ix":2,"l":2},"a":{"a":0,"k":[0,0,0],"ix":1,"l":2},"s":{"a":0,"k":[100,100,100],"ix":6,"l":2}},"ao":0,"shapes":[{"ty":"gr","it":[{"ind":0,"ty":"sh","ix":1,"ks":{"a":0,"k":{"i":[[0,0],[0,0],[0,0],[34.086,0],[0,0],[0,34.078]],"o":[[0,0],[0,0],[0,34.078],[0,0],[-34.078,0],[0,0]],"v":[[-116.221,-81.279],[116.221,-81.279],[116.221,19.571],[54.505,81.279],[-54.514,81.279],[-116.221,19.571]],"c":true},"ix":2},"nm":"Path 1","mn":"ADBE Vector Shape - Group","hd":false},{"ty":"st","c":{"k":[{"s":[0,0,0,1],"t":0,"i":{"x":[1],"y":[1]},"o":{"x":[0],"y":[0]}},{"s":[0,0,0,1],"t":240,"i":{"x":[1],"y":[1]},"o":{"x":[0],"y":[0]}}]},"o":{"a":0,"k":100,"ix":4},"w":{"k":[{"s":[30],"t":0,"i":{"x":[1],"y":[1]},"o":{"x":[0],"y":[0]}},{"s":[30],"t":240,"i":{"x":[1],"y":[1]},"o":{"x":[0],"y":[0]}}]},"lc":2,"lj":2,"bm":0,"nm":"Stroke 1","mn":"ADBE Vector Graphic - Stroke","hd":false},{"ty":"tr","p":{"a":0,"k":[0,0],"ix":2},"a":{"a":0,"k":[0,0],"ix":1},"s":{"a":0,"k":[100,100],"ix":3},"r":{"a":0,"k":0,"ix":6},"o":{"a":0,"k":100,"ix":7},"sk":{"a":0,"k":0,"ix":4},"sa":{"a":0,"k":0,"ix":5},"nm":"Transform"}],"nm":"Group 1","np":2,"cix":2,"bm":0,"ix":1,"mn":"ADBE Vector Group","hd":false},{"ty":"fl","c":{"k":[{"s":[0.239,0.239,0.239,1],"t":0,"i":{"x":[1],"y":[1]},"o":{"x":[0],"y":[0]}},{"s":[0.239,0.239,0.239,1],"t":240,"i":{"x":[1],"y":[1]},"o":{"x":[0],"y":[0]}}]},"o":{"k":[{"s":[100],"t":0,"i":{"x":[1],"y":[1]},"o":{"x":[0],"y":[0]}},{"s":[100],"t":240,"i":{"x":[1],"y":[1]},"o":{"x":[0],"y":[0]}}]},"r":1,"bm":0,"nm":"Fill 1","mn":"ADBE Vector Graphic - Fill","hd":false}],"ip":0,"op":600,"st":0,"ct":1,"bm":0},{"ddd":0,"ind":10,"ty":4,"nm":"Layer 1","sr":1,"ks":{"o":{"a":0,"k":100,"ix":11},"r":{"a":0,"k":0,"ix":10},"p":{"a":1,"k":[{"i":{"x":0.667,"y":1},"o":{"x":0.333,"y":0},"t":0,"s":[458.176,457.37,0],"to":[0,5,0],"ti":[-0.125,-0.083,0]},{"i":{"x":0.667,"y":1},"o":{"x":0.333,"y":0},"t":20,"s":[458.176,487.37,0],"to":[0,-6.667,0],"ti":[0,5,0]},{"i":{"x":0.667,"y":1},"o":{"x":0.333,"y":0},"t":40,"s":[458.176,417.37,0],"to":[0,-5,0],"ti":[0,-6.667,0]},{"t":60,"s":[458.176,457.37,0]}],"ix":2,"l":2},"a":{"a":0,"k":[0,0,0],"ix":1,"l":2},"s":{"a":0,"k":[100,100,100],"ix":6,"l":2}},"ao":0,"ef":[{"ty":28,"nm":"Set Matte","np":8,"mn":"ADBE Set Matte3","ix":1,"en":1,"ef":[{"ty":10,"nm":"Take Matte From Layer","mn":"ADBE Set Matte3-0001","ix":1,"v":{"a":0,"k":11,"ix":1}},{"ty":7,"nm":"Use For Matte","mn":"ADBE Set Matte3-0002","ix":2,"v":{"a":0,"k":4,"ix":2}},{"ty":7,"nm":"Invert Matte","mn":"ADBE Set Matte3-0003","ix":3,"v":{"a":0,"k":1,"ix":3}},{"ty":7,"nm":"If Layer Sizes Differ","mn":"ADBE Set Matte3-0004","ix":4,"v":{"a":0,"k":1,"ix":4}},{"ty":7,"nm":"Composite Matte with Original","mn":"ADBE Set Matte3-0005","ix":5,"v":{"a":0,"k":1,"ix":5}},{"ty":7,"nm":"Premultiply Matte Layer","mn":"ADBE Set Matte3-0006","ix":6,"v":{"a":0,"k":1,"ix":6}}]}],"shapes":[{"ty":"gr","it":[{"ind":0,"ty":"sh","ix":1,"ks":{"a":0,"k":{"i":[[0,0],[21.486,20.226],[0,62.885],[-121.043,0.222],[0,-121.109],[42.511,-39.95],[0,-29.466]],"o":[[0,-29.507],[-42.453,-39.941],[0,-121.043],[121.159,-0.223],[0,62.943],[-21.47,20.176],[0,0]],"v":[[-116.221,228.197],[-150.076,150.382],[-219.039,-9.145],[-0.408,-228.197],[219.039,-9.153],[149.978,150.481],[116.221,228.197]],"c":true},"ix":2},"nm":"Path 1","mn":"ADBE Vector Shape - Group","hd":false},{"ty":"st","c":{"k":[{"s":[0,0,0,1],"t":0,"i":{"x":[1],"y":[1]},"o":{"x":[0],"y":[0]}},{"s":[0,0,0,1],"t":240,"i":{"x":[1],"y":[1]},"o":{"x":[0],"y":[0]}}]},"o":{"a":0,"k":100,"ix":4},"w":{"k":[{"s":[30],"t":0,"i":{"x":[1],"y":[1]},"o":{"x":[0],"y":[0]}},{"s":[30],"t":240,"i":{"x":[1],"y":[1]},"o":{"x":[0],"y":[0]}}]},"lc":2,"lj":2,"bm":0,"nm":"Stroke 1","mn":"ADBE Vector Graphic - Stroke","hd":false},{"ty":"fl","c":{"k":[{"s":[1,0.959,0.792,1],"t":0,"i":{"x":[1],"y":[1]},"o":{"x":[0],"y":[0]}},{"s":[1,0.959,0.792,1],"t":240,"i":{"x":[1],"y":[1]},"o":{"x":[0],"y":[0]}}]},"o":{"k":[{"s":[100],"t":0,"i":{"x":[1],"y":[1]},"o":{"x":[0],"y":[0]}},{"s":[100],"t":240,"i":{"x":[1],"y":[1]},"o":{"x":[0],"y":[0]}}]},"r":1,"bm":0,"nm":"Fill 1","mn":"ADBE Vector Graphic - Fill","hd":false},{"ty":"tr","p":{"a":0,"k":[0,0],"ix":2},"a":{"a":0,"k":[0,0],"ix":1},"s":{"a":0,"k":[100,100],"ix":3},"r":{"a":0,"k":0,"ix":6},"o":{"a":0,"k":100,"ix":7},"sk":{"a":0,"k":0,"ix":4},"sa":{"a":0,"k":0,"ix":5},"nm":"Transform"}],"nm":"Group 1","np":3,"cix":2,"bm":0,"ix":1,"mn":"ADBE Vector Group","hd":false},{"ty":"fl","c":{"k":[{"s":[1,0.959,0.792,1],"t":0,"i":{"x":[1],"y":[1]},"o":{"x":[0],"y":[0]}},{"s":[1,0.959,0.792,1],"t":240,"i":{"x":[1],"y":[1]},"o":{"x":[0],"y":[0]}}]},"o":{"k":[{"s":[100],"t":0,"i":{"x":[1],"y":[1]},"o":{"x":[0],"y":[0]}},{"s":[100],"t":240,"i":{"x":[1],"y":[1]},"o":{"x":[0],"y":[0]}}]},"r":1,"bm":0,"nm":"Fill 1","mn":"ADBE Vector Graphic - Fill","hd":false}],"ip":0,"op":600,"st":0,"ct":1,"bm":0}],"markers":[],"props":{}}